filename,m,n,estimate,value,error,num_samples
9-11_terrorist_network_hijacker_associations_Social_Offline_n2.gml_multigraphsimplifieddistribution.txt,152.0,62,364.08,364.9406810894778,-1,10000
Aishihik_Lake_host-parasite_web_Aishihik_Lake_host-parasite_web_Biological_Food_web_n2.gml_multiplexintensitydistribution.txt,43.0,22,68.7065,70.24386657866495,-1,10000
Aishihik_Lake_host-parasite_web_Aishihik_Lake_host-parasite_web_Biological_Food_web_n2.gml_multiplexprevalence_bipartitefulldistribution.txt,78.0,36,137.841,140.5629519702751,-1,10000
Alice_and_Roland_coappearances_Temporal_Alice_Network_Social_Fiction_n2.gml_multiplex11.0distribution.txt,9.0,9,8.28227,9.2103138608161,-1,10000
Alice_and_Roland_coappearances_Temporal_Alice_Network_Social_Fiction_n2.gml_multiplex12.0distribution.txt,8.0,7,5.33248,7.179009527212842,-1,10000
Alice_and_Roland_coappearances_Temporal_Alice_Network_Social_Fiction_n2.gml_multiplex3.0distribution.txt,11.0,8,8.79041,10.266396529626554,-1,10000
Alice_and_Roland_coappearances_Temporal_Alice_Network_Social_Fiction_n2.gml_multiplex8.0distribution.txt,15.0,10,14.4414,15.662152151336695,-1,10000
Alice_and_Roland_coappearances_Temporal_Alice_Network_Social_Fiction_n2.gml_multiplexunion_multigraphsimplifieddistribution.txt,55.0,32,96.4139,98.90375906179865,-1,10000
Alice_and_Roland_coappearances_Temporal_Roland_Network_Social_Fiction_n3.gml_multiplexchapter_multigraphsimplifieddistribution.txt,190.0,107,468.042,478.3274886758809,-1,2783
Alice_and_Roland_coappearances_Temporal_Roland_Network_Social_Fiction_n3.gml_multiplexlaisse_multigraphsimplifieddistribution.txt,190.0,107,468.042,478.2742704658903,-1,2299
Arroyo_plant-pollinator_web_Elevation_1_Biological_Food_web_n3.gml_bipartitefulldistribution.txt,365.0,186,1172.11,1170.7011188457193,-1,219
Arroyo_plant-pollinator_web_Elevation_2_Biological_Food_web_n3.gml_bipartitefulldistribution.txt,183.0,103,532.47,531.7189089234429,-1,3177
Arroyo_plant-pollinator_web_Elevation_3_Biological_Food_web_n2.gml_bipartitefulldistribution.txt,87.0,69,223.709,219.60892910290255,-1,10000
Barrett_Helenurm_plant-pollinator_web_Biological_Food_web_n3.gml_bipartitefull_weightedsimplifieddistribution.txt,167.0,114,367.349,365.2122374784742,-1,2603
Beehler_seed-disperser_web_Biological_Food_web_n2.gml_bipartitefull_weightedsimplifieddistribution.txt,119.0,40,214.239,218.53596390041432,-1,10000
Binary_interactomes_various_species_2012_D_melanogaster_fly_cocomp_hq_Biological_Protein_interactions_n4.gmldistribution.txt,441.0,435,2003.58,2001.172344569533,-1,37
Binary_interactomes_various_species_2012_E_coli_K12_binary_hq_Biological_Protein_interactions_n3.gmldistribution.txt,747.0,637,3849.65,3848.913930568238,-1,5
Binary_interactomes_various_species_2012_E_coli_K12_binary_lc_Biological_Protein_interactions_n3.gmldistribution.txt,747.0,637,3849.65,3848.913930568238,-1,5
Binary_interactomes_various_species_2012_S_pombe_972H_fission_yeast_binary_hq_Biological_Protein_interactions_n3.gmldistribution.txt,459.0,403,2084.44,2081.9539415619347,-1,37
Binary_interactomes_various_species_2012_S_pombe_972H_fission_yeast_binary_ht_Biological_Protein_interactions_n3.gmldistribution.txt,200.0,180,738.136,735.4668601825877,-1,745
Binary_interactomes_various_species_2012_S_pombe_972H_fission_yeast_binary_lc_Biological_Protein_interactions_n3.gmldistribution.txt,288.0,269,1216.69,1214.7843859998964,-1,162
Binary_interactomes_various_species_2012_S_pombe_972H_fission_yeast_cocomp_hq_Biological_Protein_interactions_n3.gmldistribution.txt,574.0,515,2628.31,2623.670107669598,-1,11
Bluthgen_plant-ant_web_Biological_Food_web_n2.gml_bipartitefull_weightedsimplifieddistribution.txt,285.0,92,685.593,691.6489030673008,-1,1676
CAIDA_AS_graphs_2004-2007_as-caida20040105_Technological_Communication_n5.gml_multiplexsibling_directedtotaldistribution.txt,298.0,217,1111.87,1104.8950232106577,-1,227
CAIDA_AS_graphs_2004-2007_as-caida20040202_Technological_Communication_n5.gml_multiplexsibling_directedtotaldistribution.txt,312.0,228,1180.31,1170.4147106927537,-1,207
CAIDA_AS_graphs_2004-2007_as-caida20040301_Technological_Communication_n5.gml_multiplexsibling_directedtotaldistribution.txt,322.0,237,1235.79,1228.3071434601065,-1,163
CAIDA_AS_graphs_2004-2007_as-caida20040405_Technological_Communication_n5.gml_multiplexsibling_directedtotaldistribution.txt,322.0,238,1233.59,1225.4170159301095,-1,176
CAIDA_AS_graphs_2004-2007_as-caida20040503_Technological_Communication_n5.gml_multiplexsibling_directedtotaldistribution.txt,344.0,248,1328.68,1320.0648719370342,-1,132
CAIDA_AS_graphs_2004-2007_as-caida20040607_Technological_Communication_n5.gml_multiplexsibling_directedtotaldistribution.txt,340.0,246,1326.41,1319.887231247413,-1,135
CAIDA_AS_graphs_2004-2007_as-caida20040705_Technological_Communication_n5.gml_multiplexsibling_directedtotaldistribution.txt,342.0,251,1330.09,1321.210037748196,-1,177
CAIDA_AS_graphs_2004-2007_as-caida20040802_Technological_Communication_n5.gml_multiplexsibling_directedtotaldistribution.txt,342.0,251,1330.98,1323.1838419750513,-1,129
CAIDA_AS_graphs_2004-2007_as-caida20040906_Technological_Communication_n5.gml_multiplexsibling_directedtotaldistribution.txt,344.0,251,1327.88,1317.6050785158745,-1,128
CAIDA_AS_graphs_2004-2007_as-caida20041004_Technological_Communication_n5.gml_multiplexsibling_directedtotaldistribution.txt,344.0,249,1328.44,1319.99451367085,-1,151
CAIDA_AS_graphs_2004-2007_as-caida20041101_Technological_Communication_n5.gml_multiplexsibling_directedtotaldistribution.txt,338.0,242,1277.38,1265.6666097832574,-1,176
CAIDA_AS_graphs_2004-2007_as-caida20041206_Technological_Communication_n5.gml_multiplexsibling_directedtotaldistribution.txt,332.0,242,1266.98,1257.067172637915,-1,172
CAIDA_AS_graphs_2004-2007_as-caida20050103_Technological_Communication_n5.gml_multiplexsibling_directedtotaldistribution.txt,348.0,249,1329.02,1318.6721993202611,-1,142
CAIDA_AS_graphs_2004-2007_as-caida20050207_Technological_Communication_n5.gml_multiplexsibling_directedtotaldistribution.txt,340.0,245,1300.6,1287.3780813104743,-1,151
CAIDA_AS_graphs_2004-2007_as-caida20050307_Technological_Communication_n5.gml_multiplexsibling_directedtotaldistribution.txt,338.0,244,1294.23,1283.9494653682013,-1,158
CAIDA_AS_graphs_2004-2007_as-caida20050404_Technological_Communication_n5.gml_multiplexsibling_directedtotaldistribution.txt,344.0,248,1323.73,1314.4218974780697,-1,153
CAIDA_AS_graphs_2004-2007_as-caida20050502_Technological_Communication_n5.gml_multiplexsibling_directedtotaldistribution.txt,348.0,250,1348.62,1337.4798877103149,-1,139
CAIDA_AS_graphs_2004-2007_as-caida20050606_Technological_Communication_n5.gml_multiplexsibling_directedtotaldistribution.txt,336.0,241,1291.19,1283.8014012653862,-1,180
CAIDA_AS_graphs_2004-2007_as-caida20050704_Technological_Communication_n5.gml_multiplexsibling_directedtotaldistribution.txt,328.0,232,1233.07,1222.3358671563212,-1,182
CAIDA_AS_graphs_2004-2007_as-caida20050801_Technological_Communication_n5.gml_multiplexsibling_directedtotaldistribution.txt,336.0,239,1280.79,1271.1577731609598,-1,182
CAIDA_AS_graphs_2004-2007_as-caida20050905_Technological_Communication_n5.gml_multiplexsibling_directedtotaldistribution.txt,478.0,347,2045.39,2039.6995214092253,-1,38
CAIDA_AS_graphs_2004-2007_as-caida20051003_Technological_Communication_n5.gml_multiplexsibling_directedtotaldistribution.txt,470.0,343,2011.6,2005.8941506761041,-1,41
CAIDA_AS_graphs_2004-2007_as-caida20051107_Technological_Communication_n5.gml_multiplexsibling_directedtotaldistribution.txt,458.0,331,1950.16,1944.8019145364606,-1,51
CAIDA_AS_graphs_2004-2007_as-caida20051205_Technological_Communication_n5.gml_multiplexsibling_directedtotaldistribution.txt,472.0,337,2013.15,2008.1307405799653,-1,40
CAIDA_AS_graphs_2004-2007_as-caida20060102_Technological_Communication_n5.gml_multiplexsibling_directedtotaldistribution.txt,462.0,329,1950.27,1944.053430819548,-1,46
CAIDA_AS_graphs_2004-2007_as-caida20060109_Technological_Communication_n5.gml_multiplexsibling_directedtotaldistribution.txt,464.0,328,1970.09,1965.5961353600314,-1,52
CAIDA_AS_graphs_2004-2007_as-caida20060116_Technological_Communication_n5.gml_multiplexsibling_directedtotaldistribution.txt,474.0,335,2010.77,2002.9588786231748,-1,47
CAIDA_AS_graphs_2004-2007_as-caida20060123_Technological_Communication_n5.gml_multiplexsibling_directedtotaldistribution.txt,472.0,338,2009.76,2002.292951525196,-1,41
CAIDA_AS_graphs_2004-2007_as-caida20060130_Technological_Communication_n5.gml_multiplexsibling_directedtotaldistribution.txt,472.0,335,2002.03,1996.0210077362713,-1,41
CAIDA_AS_graphs_2004-2007_as-caida20060206_Technological_Communication_n5.gml_multiplexsibling_directedtotaldistribution.txt,464.0,331,1961.83,1957.1232040197362,-1,49
CAIDA_AS_graphs_2004-2007_as-caida20060213_Technological_Communication_n5.gml_multiplexsibling_directedtotaldistribution.txt,462.0,331,1956.45,1947.977508090629,-1,44
CAIDA_AS_graphs_2004-2007_as-caida20060220_Technological_Communication_n5.gml_multiplexsibling_directedtotaldistribution.txt,464.0,335,1972.23,1966.2817283598831,-1,43
CAIDA_AS_graphs_2004-2007_as-caida20060227_Technological_Communication_n5.gml_multiplexsibling_directedtotaldistribution.txt,482.0,341,2060.63,2056.4147632118743,-1,38
CAIDA_AS_graphs_2004-2007_as-caida20060306_Technological_Communication_n5.gml_multiplexsibling_directedtotaldistribution.txt,480.0,344,2059.88,2054.320626334358,-1,38
CAIDA_AS_graphs_2004-2007_as-caida20060313_Technological_Communication_n5.gml_multiplexsibling_directedtotaldistribution.txt,480.0,345,2065.17,2060.7688506155423,-1,43
CAIDA_AS_graphs_2004-2007_as-caida20060320_Technological_Communication_n5.gml_multiplexsibling_directedtotaldistribution.txt,476.0,342,2044.84,2037.9883000999437,-1,45
CAIDA_AS_graphs_2004-2007_as-caida20060327_Technological_Communication_n5.gml_multiplexsibling_directedtotaldistribution.txt,480.0,342,2055.43,2048.9208785697533,-1,38
CAIDA_AS_graphs_2004-2007_as-caida20060403_Technological_Communication_n5.gml_multiplexsibling_directedtotaldistribution.txt,484.0,346,2080.68,2074.4385066521427,-1,42
CAIDA_AS_graphs_2004-2007_as-caida20060410_Technological_Communication_n5.gml_multiplexsibling_directedtotaldistribution.txt,476.0,343,2047.22,2041.3364144763495,-1,40
CAIDA_AS_graphs_2004-2007_as-caida20060417_Technological_Communication_n5.gml_multiplexsibling_directedtotaldistribution.txt,476.0,342,2048.7,2044.4114421447914,-1,39
CAIDA_AS_graphs_2004-2007_as-caida20060424_Technological_Communication_n5.gml_multiplexsibling_directedtotaldistribution.txt,476.0,342,2046.02,2041.4424286173594,-1,44
CAIDA_AS_graphs_2004-2007_as-caida20060501_Technological_Communication_n5.gml_multiplexsibling_directedtotaldistribution.txt,472.0,337,2024.5,2021.1316435358403,-1,46
CAIDA_AS_graphs_2004-2007_as-caida20060508_Technological_Communication_n5.gml_multiplexsibling_directedtotaldistribution.txt,482.0,345,2074.34,2069.4454136694585,-1,37
CAIDA_AS_graphs_2004-2007_as-caida20060515_Technological_Communication_n5.gml_multiplexsibling_directedtotaldistribution.txt,478.0,344,2055.74,2051.714951054563,-1,38
CAIDA_AS_graphs_2004-2007_as-caida20060522_Technological_Communication_n5.gml_multiplexsibling_directedtotaldistribution.txt,484.0,345,2079.61,2074.24047183398,-1,37
CAIDA_AS_graphs_2004-2007_as-caida20060529_Technological_Communication_n5.gml_multiplexsibling_directedtotaldistribution.txt,490.0,349,2116.34,2111.874394864816,-1,38
CAIDA_AS_graphs_2004-2007_as-caida20060605_Technological_Communication_n5.gml_multiplexsibling_directedtotaldistribution.txt,484.0,348,2090.89,2087.5015213643915,-1,40
CAIDA_AS_graphs_2004-2007_as-caida20060612_Technological_Communication_n5.gml_multiplexsibling_directedtotaldistribution.txt,478.0,343,2060.7,2057.279801406038,-1,40
CAIDA_AS_graphs_2004-2007_as-caida20060619_Technological_Communication_n5.gml_multiplexsibling_directedtotaldistribution.txt,482.0,342,2072.24,2068.652666387776,-1,42
CAIDA_AS_graphs_2004-2007_as-caida20060626_Technological_Communication_n5.gml_multiplexsibling_directedtotaldistribution.txt,484.0,344,2081.99,2077.5903400852376,-1,42
CAIDA_AS_graphs_2004-2007_as-caida20060703_Technological_Communication_n5.gml_multiplexsibling_directedtotaldistribution.txt,490.0,347,2113.69,2109.817973821042,-1,41
CAIDA_AS_graphs_2004-2007_as-caida20060710_Technological_Communication_n5.gml_multiplexsibling_directedtotaldistribution.txt,490.0,347,2114.8,2111.6341080350053,-1,42
CAIDA_AS_graphs_2004-2007_as-caida20060717_Technological_Communication_n5.gml_multiplexsibling_directedtotaldistribution.txt,486.0,342,2093.32,2089.7961435789543,-1,38
CAIDA_AS_graphs_2004-2007_as-caida20060724_Technological_Communication_n5.gml_multiplexsibling_directedtotaldistribution.txt,496.0,350,2143.06,2140.084641775021,-1,33
CAIDA_AS_graphs_2004-2007_as-caida20060731_Technological_Communication_n5.gml_multiplexsibling_directedtotaldistribution.txt,492.0,346,2117.42,2110.491356993947,-1,35
CAIDA_AS_graphs_2004-2007_as-caida20060807_Technological_Communication_n5.gml_multiplexsibling_directedtotaldistribution.txt,492.0,347,2129.11,2123.291603451557,-1,45
CAIDA_AS_graphs_2004-2007_as-caida20060814_Technological_Communication_n5.gml_multiplexsibling_directedtotaldistribution.txt,496.0,352,2145.71,2142.8617376004454,-1,33
CAIDA_AS_graphs_2004-2007_as-caida20060821_Technological_Communication_n5.gml_multiplexsibling_directedtotaldistribution.txt,496.0,353,2154.89,2151.050111199751,-1,33
CAIDA_AS_graphs_2004-2007_as-caida20060828_Technological_Communication_n5.gml_multiplexsibling_directedtotaldistribution.txt,494.0,352,2136.88,2133.434984380331,-1,38
CAIDA_AS_graphs_2004-2007_as-caida20060904_Technological_Communication_n5.gml_multiplexsibling_directedtotaldistribution.txt,484.0,346,2094.07,2089.3743641473097,-1,36
CAIDA_AS_graphs_2004-2007_as-caida20060911_Technological_Communication_n5.gml_multiplexsibling_directedtotaldistribution.txt,500.0,352,2162.48,2158.689863076088,-1,37
CAIDA_AS_graphs_2004-2007_as-caida20060918_Technological_Communication_n5.gml_multiplexsibling_directedtotaldistribution.txt,498.0,352,2157.68,2154.1133038297653,-1,32
CAIDA_AS_graphs_2004-2007_as-caida20060925_Technological_Communication_n5.gml_multiplexsibling_directedtotaldistribution.txt,492.0,351,2132.2,2127.554168097917,-1,38
CAIDA_AS_graphs_2004-2007_as-caida20061002_Technological_Communication_n5.gml_multiplexsibling_directedtotaldistribution.txt,488.0,349,2112.84,2108.744820115039,-1,34
CAIDA_AS_graphs_2004-2007_as-caida20061009_Technological_Communication_n5.gml_multiplexsibling_directedtotaldistribution.txt,490.0,350,2120.51,2115.9010718339346,-1,34
CAIDA_AS_graphs_2004-2007_as-caida20061016_Technological_Communication_n5.gml_multiplexsibling_directedtotaldistribution.txt,498.0,349,2143.48,2139.152814265289,-1,33
CAIDA_AS_graphs_2004-2007_as-caida20061023_Technological_Communication_n5.gml_multiplexsibling_directedtotaldistribution.txt,494.0,350,2141.43,2137.0801781477085,-1,44
CAIDA_AS_graphs_2004-2007_as-caida20061030_Technological_Communication_n5.gml_multiplexsibling_directedtotaldistribution.txt,498.0,352,2156.24,2151.7082585430817,-1,36
CAIDA_AS_graphs_2004-2007_as-caida20061106_Technological_Communication_n5.gml_multiplexsibling_directedtotaldistribution.txt,484.0,343,2085.39,2082.421071377119,-1,36
CAIDA_AS_graphs_2004-2007_as-caida20061113_Technological_Communication_n5.gml_multiplexpeer_directedindistribution.txt,997.0,766,3120.47,3276.44313236759,-1,2
CAIDA_AS_graphs_2004-2007_as-caida20061113_Technological_Communication_n5.gml_multiplexpeer_directedoutdistribution.txt,997.0,766,3120.47,3269.3531470240273,-1,2
CAIDA_AS_graphs_2004-2007_as-caida20061113_Technological_Communication_n5.gml_multiplexsibling_directedtotaldistribution.txt,412.0,297,1710.66,1705.5118797745818,-1,64
CAIDA_AS_graphs_2004-2007_as-caida20061120_Technological_Communication_n5.gml_multiplexsibling_directedtotaldistribution.txt,490.0,349,2125.84,2122.7602818783785,-1,35
CAIDA_AS_graphs_2004-2007_as-caida20061127_Technological_Communication_n5.gml_multiplexsibling_directedtotaldistribution.txt,472.0,344,2047.07,2042.7486037734786,-1,36
CAIDA_AS_graphs_2004-2007_as-caida20061204_Technological_Communication_n5.gml_multiplexsibling_directedtotaldistribution.txt,474.0,347,2072.55,2070.0821533282283,-1,35
CAIDA_AS_graphs_2004-2007_as-caida20061211_Technological_Communication_n5.gml_multiplexsibling_directedtotaldistribution.txt,476.0,347,2077.69,2074.6070642770674,-1,35
CAIDA_AS_graphs_2004-2007_as-caida20061218_Technological_Communication_n5.gml_multiplexsibling_directedtotaldistribution.txt,478.0,348,2087.32,2084.4079877635395,-1,35
CAIDA_AS_graphs_2004-2007_as-caida20061225_Technological_Communication_n5.gml_multiplexsibling_directedtotaldistribution.txt,480.0,349,2098.76,2094.7013322627495,-1,43
CAIDA_AS_graphs_2004-2007_as-caida20070101_Technological_Communication_n5.gml_multiplexsibling_directedtotaldistribution.txt,476.0,348,2080.98,2078.341941308185,-1,37
CAIDA_AS_graphs_2004-2007_as-caida20070108_Technological_Communication_n5.gml_multiplexsibling_directedtotaldistribution.txt,474.0,345,2067.8,2065.010515570137,-1,46
CAIDA_AS_graphs_2004-2007_as-caida20070115_Technological_Communication_n5.gml_multiplexsibling_directedtotaldistribution.txt,470.0,343,2049.43,2045.542858830226,-1,44
CAIDA_AS_graphs_2004-2007_as-caida20070122_Technological_Communication_n5.gml_multiplexsibling_directedtotaldistribution.txt,478.0,348,2090.5,2087.4200250871904,-1,36
CAIDA_AS_graphs_2004-2007_as-caida20070129_Technological_Communication_n5.gml_multiplexsibling_directedtotaldistribution.txt,442.0,319,1894.86,1891.7140536129523,-1,50
CAIDA_AS_graphs_2004-2007_as-caida20070205_Technological_Communication_n5.gml_multiplexsibling_directedtotaldistribution.txt,474.0,344,2067.4,2064.609939814403,-1,43
CAIDA_AS_graphs_2004-2007_as-caida20070212_Technological_Communication_n5.gml_multiplexsibling_directedtotaldistribution.txt,480.0,346,2095.42,2093.264620816179,-1,35
CAIDA_AS_graphs_2004-2007_as-caida20070219_Technological_Communication_n5.gml_multiplexsibling_directedtotaldistribution.txt,472.0,340,2058.87,2056.930694612382,-1,34
CAIDA_AS_graphs_2004-2007_as-caida20070226_Technological_Communication_n5.gml_multiplexsibling_directedtotaldistribution.txt,472.0,340,2060.87,2057.0960225328495,-1,37
CAIDA_AS_graphs_2004-2007_as-caida20070305_Technological_Communication_n5.gml_multiplexsibling_directedtotaldistribution.txt,474.0,343,2074.68,2071.791052429145,-1,33
CAIDA_AS_graphs_2004-2007_as-caida20070312_Technological_Communication_n5.gml_multiplexsibling_directedtotaldistribution.txt,462.0,334,2007.29,2005.1637230204096,-1,41
CAIDA_AS_graphs_2004-2007_as-caida20070319_Technological_Communication_n5.gml_multiplexsibling_directedtotaldistribution.txt,466.0,339,2033.57,2030.980084633353,-1,39
CAIDA_AS_graphs_2004-2007_as-caida20070326_Technological_Communication_n5.gml_multiplexsibling_directedtotaldistribution.txt,474.0,342,2073.81,2071.62248758089,-1,36
CAIDA_AS_graphs_2004-2007_as-caida20070402_Technological_Communication_n5.gml_multiplexsibling_directedtotaldistribution.txt,472.0,341,2063.29,2060.329247605604,-1,38
CAIDA_AS_graphs_2004-2007_as-caida20070409_Technological_Communication_n5.gml_multiplexsibling_directedtotaldistribution.txt,474.0,341,2072.03,2069.8890873259065,-1,35
CAIDA_AS_graphs_2004-2007_as-caida20070416_Technological_Communication_n5.gml_multiplexsibling_directedtotaldistribution.txt,470.0,337,2045.94,2043.3919625288008,-1,59
CAIDA_AS_graphs_2004-2007_as-caida20070423_Technological_Communication_n5.gml_multiplexsibling_directedtotaldistribution.txt,470.0,339,2050.4,2046.8327942294877,-1,37
CAIDA_AS_graphs_2004-2007_as-caida20070430_Technological_Communication_n5.gml_multiplexsibling_directedtotaldistribution.txt,464.0,334,2018.88,2016.2002405809023,-1,36
CAIDA_AS_graphs_2004-2007_as-caida20070507_Technological_Communication_n5.gml_multiplexsibling_directedtotaldistribution.txt,462.0,336,2014.65,2012.3739478553568,-1,36
CAIDA_AS_graphs_2004-2007_as-caida20070514_Technological_Communication_n5.gml_multiplexsibling_directedtotaldistribution.txt,462.0,337,2014.91,2013.027240780562,-1,41
CAIDA_AS_graphs_2004-2007_as-caida20070521_Technological_Communication_n5.gml_multiplexsibling_directedtotaldistribution.txt,472.0,340,2062.01,2060.1098059288634,-1,37
CAIDA_AS_graphs_2004-2007_as-caida20070528_Technological_Communication_n5.gml_multiplexsibling_directedtotaldistribution.txt,468.0,339,2046.09,2044.1206618667863,-1,35
CAIDA_AS_graphs_2004-2007_as-caida20070604_Technological_Communication_n5.gml_multiplexsibling_directedtotaldistribution.txt,460.0,333,2000.02,1996.903760472154,-1,60
CAIDA_AS_graphs_2004-2007_as-caida20070611_Technological_Communication_n5.gml_multiplexsibling_directedtotaldistribution.txt,466.0,337,2032.92,2030.9365650599705,-1,38
CAIDA_AS_graphs_2004-2007_as-caida20070618_Technological_Communication_n5.gml_multiplexsibling_directedtotaldistribution.txt,464.0,335,2027.67,2024.8523105158372,-1,36
CAIDA_AS_graphs_2004-2007_as-caida20070625_Technological_Communication_n5.gml_multiplexsibling_directedtotaldistribution.txt,470.0,337,2052.26,2050.634244736541,-1,38
CAIDA_AS_graphs_2004-2007_as-caida20070702_Technological_Communication_n5.gml_multiplexsibling_directedtotaldistribution.txt,468.0,338,2045.61,2043.1118971667306,-1,36
CAIDA_AS_graphs_2004-2007_as-caida20070709_Technological_Communication_n5.gml_multiplexsibling_directedtotaldistribution.txt,474.0,341,2076.23,2073.6386083883317,-1,38
CAIDA_AS_graphs_2004-2007_as-caida20070716_Technological_Communication_n5.gml_multiplexsibling_directedtotaldistribution.txt,468.0,337,2052.15,2050.153229278759,-1,40
CAIDA_AS_graphs_2004-2007_as-caida20070723_Technological_Communication_n5.gml_multiplexsibling_directedtotaldistribution.txt,482.0,348,2135.54,2133.258896840485,-1,32
CAIDA_AS_graphs_2004-2007_as-caida20070730_Technological_Communication_n5.gml_multiplexsibling_directedtotaldistribution.txt,486.0,351,2153.45,2150.509886270411,-1,34
CAIDA_AS_graphs_2004-2007_as-caida20070806_Technological_Communication_n5.gml_multiplexsibling_directedtotaldistribution.txt,476.0,346,2110.26,2107.767755106358,-1,35
CAIDA_AS_graphs_2004-2007_as-caida20070813_Technological_Communication_n5.gml_multiplexsibling_directedtotaldistribution.txt,472.0,339,2078.68,2077.1902967684237,-1,40
CAIDA_AS_graphs_2004-2007_as-caida20070820_Technological_Communication_n5.gml_multiplexsibling_directedtotaldistribution.txt,474.0,344,2093.21,2090.189892971297,-1,36
CAIDA_AS_graphs_2004-2007_as-caida20070827_Technological_Communication_n5.gml_multiplexsibling_directedtotaldistribution.txt,472.0,347,2095.35,2092.5236135099303,-1,37
CAIDA_AS_graphs_2004-2007_as-caida20070903_Technological_Communication_n5.gml_multiplexsibling_directedtotaldistribution.txt,472.0,346,2093.12,2087.7597828479325,-1,38
CAIDA_AS_graphs_2004-2007_as-caida20070910_Technological_Communication_n5.gml_multiplexsibling_directedtotaldistribution.txt,464.0,341,2053.42,2051.1385798016804,-1,41
CAIDA_AS_graphs_2004-2007_as-caida20070917_Technological_Communication_n4.gml_multiplexsibling_directedtotaldistribution.txt,184.0,144,677.768,676.23512498802,-1,1674
CAIDA_AS_graphs_2004-2007_as-caida20070924_Technological_Communication_n5.gml_multiplexsibling_directedtotaldistribution.txt,468.0,344,2075.4,2072.915436897008,-1,41
CAIDA_AS_graphs_2004-2007_as-caida20071001_Technological_Communication_n5.gml_multiplexsibling_directedtotaldistribution.txt,458.0,339,2033.6,2031.0332287349418,-1,45
CAIDA_AS_graphs_2004-2007_as-caida20071008_Technological_Communication_n5.gml_multiplexsibling_directedtotaldistribution.txt,450.0,334,1988.01,1985.8806539112097,-1,48
CAIDA_AS_graphs_2004-2007_as-caida20071015_Technological_Communication_n5.gml_multiplexsibling_directedtotaldistribution.txt,440.0,332,1954.68,1951.902335848604,-1,53
CAIDA_AS_graphs_2004-2007_as-caida20071022_Technological_Communication_n5.gml_multiplexsibling_directedtotaldistribution.txt,454.0,332,2014.98,2012.5613756762539,-1,50
CAIDA_AS_graphs_2004-2007_as-caida20071029_Technological_Communication_n5.gml_multiplexsibling_directedtotaldistribution.txt,456.0,333,2023.01,2021.4379861259085,-1,47
CAIDA_AS_graphs_2004-2007_as-caida20071105_Technological_Communication_n5.gml_multiplexsibling_directedtotaldistribution.txt,450.0,333,2000.8,1999.0048301626634,-1,50
CAIDA_AS_graphs_2004-2007_as-caida20071112_Technological_Communication_n5.gml_multiplexsibling_directedtotaldistribution.txt,458.0,337,2039.54,2036.2122485696182,-1,46
C_elegans_interactomes_2009_BPmaps_scaffold_Biological_Protein_interactions_n3.gmldistribution.txt,554.0,537,2547.8,2545.414190228345,-1,13
C_elegans_interactomes_2009_LCI_lit_Biological_Protein_interactions_n3.gmldistribution.txt,438.0,431,1785.44,1756.8399612210198,-1,31
C_elegans_neurons_1986_C_elegans_Metabolic_Biological_Connectome_n3.gml_multigraphsimplified_weightedsimplified_directedtotaldistribution.txt,2345.0,297,7393.25,7409.088912615088,-1,2
C_elegans_pharynx_2011_Worm_c_elegans_herm_pharynx_1_Biological_Connectome_n3.gml_multiplexe_synapse_type_multigraphsimplified_directedindistribution.txt,1495.0,275,4972.1,4979.775770626424,-1,7
C_elegans_pharynx_2011_Worm_c_elegans_herm_pharynx_1_Biological_Connectome_n3.gml_multiplexe_synapse_type_multigraphsimplified_directedoutdistribution.txt,1495.0,278,5156.63,5152.787865269275,-1,7
C_elegans_pharynx_2011_Worm_c_elegans_herm_pharynx_1_Biological_Connectome_n3.gml_multiplexe_weight_multigraphsimplified_directedindistribution.txt,1495.0,275,4972.1,4978.855168984197,-1,7
C_elegans_pharynx_2011_Worm_c_elegans_herm_pharynx_1_Biological_Connectome_n3.gml_multiplexe_weight_multigraphsimplified_directedoutdistribution.txt,1495.0,278,5156.63,5156.59835969362,-1,7
Cat_cerebral_hemisphere_cortex_and_thalamus_Biological_Connectome_n2.gml_weighted1_directedindistribution.txt,122.0,75,351.146,341.1594858729548,-1,10000
Cat_cerebral_hemisphere_cortex_and_thalamus_Biological_Connectome_n2.gml_weighted1_directedoutdistribution.txt,122.0,75,354.275,344.35169082689026,-1,10000
Cat_cerebral_hemisphere_cortex_and_thalamus_Biological_Connectome_n2.gml_weighted1_directedtotaldistribution.txt,244.0,76,636.617,638.3490708568349,-1,3131
Cat_cerebral_hemisphere_cortex_only_Biological_Connectome_n2.gml_weighted1_directedindistribution.txt,55.0,42,131.134,131.96765285895026,-1,10000
Cat_cerebral_hemisphere_cortex_only_Biological_Connectome_n2.gml_weighted1_directedoutdistribution.txt,55.0,43,132.62,133.3706920843749,-1,10000
Cat_cerebral_hemisphere_cortex_only_Biological_Connectome_n2.gml_weighted1_directedtotaldistribution.txt,110.0,46,248.955,250.70395794431212,-1,10000
Clements_Long_plant-pollinator_web_Biological_Food_web_n3.gml_bipartitefulldistribution.txt,923.0,371,3020.4,3042.8429777978213,-1,10
Cold_Lake_host-parasite_web_Cold_Lake_Biological_Food_web_n2.gml_multiplexintensity_bipartitefulldistribution.txt,91.0,50,194.196,196.4987693852027,-1,10000
Cold_Lake_host-parasite_web_Cold_Lake_Biological_Food_web_n2.gml_multiplexprevalence_bipartitefulldistribution.txt,91.0,50,194.196,196.33342723238994,-1,10000
Dolphin_social_network_1994-2001_Dolphins_Social_Animal_n2.gmldistribution.txt,159.0,62,402.959,404.3958856503508,-1,10000
Dupont_plant-pollinator_web_Biological_Food_web_n2.gml_bipartitefulldistribution.txt,106.0,49,227.5,230.10728570826666,-1,10000
Elberling_Olesen_plant-pollinator_web_Biological_Food_web_n2.gml_bipartitefull_weightedsimplifieddistribution.txt,238.0,141,671.435,675.0575985788694,-1,936
FAO_Multiplex_Trade_Network_FAO_trade_network_Economic_Trade_n3.gml_multiplextype_multigraphsimplified_weightedsimplified_directedtotaldistribution.txt,961.0,183,1799.05,1984.261743331278,-1,36
FAO_Multiplex_Trade_Network_FAO_trade_network_Economic_Trade_n3.gml_multiplexweight_multigraphsimplified_weightedsimplified_directedtotaldistribution.txt,961.0,183,1799.05,1992.4341811266256,-1,36
Family_planning_in_Korea1_Social_Offline_n2.gmldistribution.txt,69.0,35,138.584,140.2190931047298,-1,10000
Family_planning_in_Korea2_Social_Offline_n2.gmldistribution.txt,84.0,35,170.319,172.22060112625786,-1,10000
Fonseca_Ganade_plant-ant_web_Fonseca_Ganade_plant-ant_web_Biological_Food_web_n2.gml_bipartiteb_weightedsimplifieddistribution.txt,22.0,14,31.1697,32.43678667479875,-1,10000
Fonseca_Ganade_plant-ant_web_Fonseca_Ganade_plant-ant_web_Biological_Food_web_n2.gml_bipartitefull_weightedsimplifieddistribution.txt,48.0,41,114.503,115.11434755457061,-1,10000
Freshwater_stream_webs_AkatoreA_Biological_Food_web_n3.gml_directedtotaldistribution.txt,227.0,84,542.721,548.6236783390543,-1,2807
Freshwater_stream_webs_AkatoreB_Biological_Food_web_n3.gml_directedtotaldistribution.txt,117.0,54,248.263,250.9766268741415,-1,10000
Freshwater_stream_webs_Berwick_Biological_Food_web_n3.gml_directedindistribution.txt,120.0,42,241.951,242.62570176543335,-1,10000
Freshwater_stream_webs_Berwick_Biological_Food_web_n3.gml_directedoutdistribution.txt,120.0,46,201.884,209.64668344476982,-1,10000
Freshwater_stream_webs_Berwick_Biological_Food_web_n3.gml_directedtotaldistribution.txt,240.0,77,565.653,567.7419499557782,-1,3010
Freshwater_stream_webs_Blackrock_Biological_Food_web_n3.gml_directedtotaldistribution.txt,375.0,86,880.384,887.6522458353995,-1,1014
Freshwater_stream_webs_Catlins_Biological_Food_web_n3.gml_directedindistribution.txt,55.0,34,117.566,118.72481836363453,-1,10000
Freshwater_stream_webs_Catlins_Biological_Food_web_n3.gml_directedoutdistribution.txt,55.0,25,58.341,65.65937136813321,-1,10000
Freshwater_stream_webs_Catlins_Biological_Food_web_n3.gml_directedtotaldistribution.txt,110.0,48,220.91,226.24951419441817,-1,10000
Freshwater_stream_webs_Coweeta17_Biological_Food_web_n3.gml_directedindistribution.txt,74.0,33,140.737,143.6344764462354,-1,10000
Freshwater_stream_webs_Coweeta17_Biological_Food_web_n3.gml_directedoutdistribution.txt,74.0,45,124.489,132.47180226980203,-1,10000
Freshwater_stream_webs_Coweeta17_Biological_Food_web_n3.gml_directedtotaldistribution.txt,148.0,71,338.87,339.9849474620265,-1,9328
Freshwater_stream_webs_Coweeta1_Biological_Food_web_n3.gml_directedindistribution.txt,63.0,30,120.662,122.50304616246677,-1,10000
Freshwater_stream_webs_Coweeta1_Biological_Food_web_n3.gml_directedoutdistribution.txt,63.0,38,102.749,107.67450993873169,-1,10000
Freshwater_stream_webs_Coweeta1_Biological_Food_web_n3.gml_directedtotaldistribution.txt,126.0,58,279.593,256.245934496428,-1,10000
Freshwater_stream_webs_DempstersSp_Biological_Food_web_n3.gml_directedindistribution.txt,269.0,43,460.754,466.63476206906057,-1,7497
Freshwater_stream_webs_DempstersSp_Biological_Food_web_n3.gml_directedoutdistribution.txt,269.0,76,537.605,549.7937822045565,-1,2465
Freshwater_stream_webs_DempstersSu_Biological_Food_web_n3.gml_directedindistribution.txt,483.0,57,838.447,848.9082345601637,-1,1364
Freshwater_stream_webs_DempstersSu_Biological_Food_web_n3.gml_directedoutdistribution.txt,483.0,94,1040.65,1056.2521060835204,-1,510
Freshwater_stream_webs_German_Biological_Food_web_n3.gml_directedtotaldistribution.txt,353.0,84,806.822,804.8136513991249,-1,1186
Freshwater_stream_webs_Healy_Biological_Food_web_n3.gml_directedindistribution.txt,317.0,49,561.797,565.6727626371048,-1,4133
Freshwater_stream_webs_Healy_Biological_Food_web_n3.gml_directedoutdistribution.txt,317.0,76,636.229,639.6497008423753,-1,1728
Freshwater_stream_webs_Martins_Biological_Food_web_n3.gml_directedtotaldistribution.txt,343.0,105,872.581,875.7890762751994,-1,779
Freshwater_stream_webs_Narrowdale_Biological_Food_web_n3.gml_directedtotaldistribution.txt,155.0,71,346.437,354.3052565775995,-1,8126
Freshwater_stream_webs_NorthCol_Biological_Food_web_n3.gml_directedtotaldistribution.txt,241.0,78,560.854,566.9252791756825,-1,2913
Freshwater_stream_webs_Powder_Biological_Food_web_n3.gml_directedindistribution.txt,134.0,46,287.95,290.72426400442015,-1,10000
Freshwater_stream_webs_Powder_Biological_Food_web_n3.gml_directedoutdistribution.txt,134.0,54,219.236,203.55193436033204,-1,10000
Freshwater_stream_webs_Powder_Biological_Food_web_n3.gml_directedtotaldistribution.txt,268.0,78,616.074,621.290630169382,-1,2323
Freshwater_stream_webs_Stony_Biological_Food_web_n3.gml_directedindistribution.txt,416.0,49,667.536,675.0428809450456,-1,2351
Freshwater_stream_webs_Stony_Biological_Food_web_n3.gml_directedoutdistribution.txt,416.0,92,809.774,822.2093386349444,-1,681
Freshwater_stream_webs_SuttonAu_Biological_Food_web_n3.gml_directedtotaldistribution.txt,335.0,80,758.353,764.2554799025372,-1,1399
Freshwater_stream_webs_SuttonSu_Biological_Food_web_n3.gml_directedtotaldistribution.txt,423.0,86,849.108,855.0908266244744,-1,755
Freshwater_stream_webs_Troy_Biological_Food_web_n3.gml_directedtotaldistribution.txt,181.0,77,439.853,438.0428671522377,-1,5130
Freshwater_stream_webs_Venlaw_Biological_Food_web_n3.gml_directedtotaldistribution.txt,187.0,66,423.185,413.9105246273897,-1,6279
Fungal_growth_networks_Pi_M_I_U_N_46d_4_Biological_Tissue_n4.gml_multiplexconductance_multigraphsimplifieddistribution.txt,725.0,543,3669.09,3669.4247713646855,-1,7
Fungal_growth_networks_Pi_M_I_U_N_46d_4_Biological_Tissue_n4.gml_multiplexpathscore_multigraphsimplifieddistribution.txt,725.0,543,3669.09,3669.1557573960317,-1,7
Fungal_growth_networks_Pi_M_I_U_N_46d_5_Biological_Tissue_n4.gml_multiplexconductance_multigraphsimplifieddistribution.txt,559.0,483,2768.81,2768.813392684424,-1,14
Fungal_growth_networks_Pi_M_I_U_N_46d_5_Biological_Tissue_n4.gml_multiplexpathscore_multigraphsimplifieddistribution.txt,559.0,483,2768.81,2768.690312105028,-1,14
Fungal_growth_networks_Pp_M_Tokyo_U_N_26h_11_Biological_Tissue_n3.gml_multiplexconductance_multigraphsimplifieddistribution.txt,465.0,305,2112.89,2113.0881909203567,-1,50
Fungal_growth_networks_Pp_M_Tokyo_U_N_26h_11_Biological_Tissue_n3.gml_multiplexpathscore_multigraphsimplifieddistribution.txt,465.0,305,2112.89,2113.0295553141777,-1,50
Fungal_growth_networks_Pp_M_Tokyo_U_N_26h_1_Biological_Tissue_n4.gml_multiplexconductance_multigraphsimplifieddistribution.txt,645.0,411,3138.91,3139.0286569436153,-1,15
Fungal_growth_networks_Pp_M_Tokyo_U_N_26h_1_Biological_Tissue_n4.gml_multiplexpathscore_multigraphsimplifieddistribution.txt,645.0,411,3138.91,3139.622447814286,-1,15
Fungal_growth_networks_Pp_M_Tokyo_U_N_26h_2_Biological_Tissue_n4.gml_multiplexconductance_multigraphsimplifieddistribution.txt,548.0,345,2570.28,2570.905644271846,-1,28
Fungal_growth_networks_Pp_M_Tokyo_U_N_26h_2_Biological_Tissue_n4.gml_multiplexpathscore_multigraphsimplifieddistribution.txt,548.0,345,2570.28,2570.5736905523886,-1,29
Fungal_growth_networks_Pp_M_Tokyo_U_N_26h_4_Biological_Tissue_n3.gml_multiplexconductance_multigraphsimplifieddistribution.txt,399.0,251,1739.19,1739.248616844026,-1,97
Fungal_growth_networks_Pp_M_Tokyo_U_N_26h_4_Biological_Tissue_n3.gml_multiplexpathscore_multigraphsimplifieddistribution.txt,399.0,251,1739.19,1739.4517929185372,-1,101
Fungal_growth_networks_Pp_M_Tokyo_U_N_26h_6_Biological_Tissue_n4.gml_multiplexconductance_multigraphsimplifieddistribution.txt,778.0,492,3920.67,3921.4714093503726,-1,7
Fungal_growth_networks_Pp_M_Tokyo_U_N_26h_6_Biological_Tissue_n4.gml_multiplexpathscore_multigraphsimplifieddistribution.txt,778.0,492,3920.67,3921.337266637671,-1,7
Fungal_growth_networks_Pp_M_Tokyo_U_N_26h_7_Biological_Tissue_n3.gml_multiplexconductance_multigraphsimplifieddistribution.txt,307.0,192,1253.72,1253.763552188187,-1,297
Fungal_growth_networks_Pp_M_Tokyo_U_N_26h_7_Biological_Tissue_n3.gml_multiplexpathscore_multigraphsimplifieddistribution.txt,307.0,192,1253.72,1253.855868398796,-1,284
Fungal_growth_networks_Pp_M_Tokyo_U_N_26h_9_Biological_Tissue_n3.gml_multiplexconductance_multigraphsimplifieddistribution.txt,311.0,199,1284.96,1285.1140220533828,-1,269
Fungal_growth_networks_Pp_M_Tokyo_U_N_26h_9_Biological_Tissue_n3.gml_multiplexpathscore_multigraphsimplifieddistribution.txt,311.0,199,1284.96,1285.2478131862586,-1,259
Fungal_growth_networks_Pp_M_UK_U_N_15h_10_Biological_Tissue_n3.gml_multiplexconductance_multigraphsimplifieddistribution.txt,437.0,283,1955.99,1956.494104088621,-1,64
Fungal_growth_networks_Pp_M_UK_U_N_15h_10_Biological_Tissue_n3.gml_multiplexpathscore_multigraphsimplifieddistribution.txt,437.0,283,1955.99,1956.3017552470228,-1,63
Fungal_growth_networks_Pp_M_UK_U_N_15h_11_Biological_Tissue_n3.gml_multiplexconductance_multigraphsimplifieddistribution.txt,477.0,305,2171.49,2171.8827204499776,-1,46
Fungal_growth_networks_Pp_M_UK_U_N_15h_11_Biological_Tissue_n3.gml_multiplexpathscore_multigraphsimplifieddistribution.txt,477.0,305,2171.49,2171.771934664031,-1,46
Fungal_growth_networks_Pp_M_UK_U_N_15h_12_Biological_Tissue_n4.gml_multiplexconductance_multigraphsimplifieddistribution.txt,781.0,480,3902.99,3903.465479459412,-1,7
Fungal_growth_networks_Pp_M_UK_U_N_15h_12_Biological_Tissue_n4.gml_multiplexpathscore_multigraphsimplifieddistribution.txt,781.0,480,3902.99,3903.3410926340252,-1,8
Fungal_growth_networks_Pp_M_UK_U_N_15h_6_Biological_Tissue_n3.gml_multiplexconductance_multigraphsimplifieddistribution.txt,429.0,281,1922.76,1923.2488477442928,-1,66
Fungal_growth_networks_Pp_M_UK_U_N_15h_6_Biological_Tissue_n3.gml_multiplexpathscore_multigraphsimplifieddistribution.txt,429.0,281,1922.76,1923.0241426788884,-1,71
Fungal_growth_networks_Pp_M_UK_U_N_15h_7_Biological_Tissue_n3.gml_multiplexconductance_multigraphsimplifieddistribution.txt,474.0,311,2175.51,2175.8954667425237,-1,44
Fungal_growth_networks_Pp_M_UK_U_N_15h_7_Biological_Tissue_n3.gml_multiplexpathscore_multigraphsimplifieddistribution.txt,474.0,311,2175.51,2176.249773196616,-1,44
Fungal_growth_networks_Pp_M_UK_U_N_15h_8_Biological_Tissue_n4.gml_multiplexconductance_multigraphsimplifieddistribution.txt,537.0,344,2511.35,2511.448265188399,-1,28
Fungal_growth_networks_Pp_M_UK_U_N_15h_8_Biological_Tissue_n4.gml_multiplexpathscore_multigraphsimplifieddistribution.txt,537.0,344,2511.35,2511.8739600854487,-1,32
Fungal_growth_networks_Pp_M_UK_U_N_15h_9_Biological_Tissue_n3.gml_multiplexconductance_multigraphsimplifieddistribution.txt,348.0,224,1478.25,1478.6280881332834,-1,156
Fungal_growth_networks_Pp_M_UK_U_N_15h_9_Biological_Tissue_n3.gml_multiplexpathscore_multigraphsimplifieddistribution.txt,348.0,224,1478.25,1478.5644915894852,-1,170
Fungal_growth_networks_Pv_L_I+4xR_Fc_N_155d_1_Biological_Tissue_n4.gml_multiplexconductance_multigraphsimplifieddistribution.txt,730.0,613,3780.19,3780.4077202891026,-1,5
Fungal_growth_networks_Pv_L_I+4xR_Fc_N_155d_1_Biological_Tissue_n4.gml_multiplexpathscore_multigraphsimplifieddistribution.txt,730.0,613,3780.19,3780.551553797342,-1,5
Fungal_growth_networks_Pv_L_I+4xR_Fc_N_155d_3_Biological_Tissue_n4.gml_multiplexconductance_multigraphsimplifieddistribution.txt,882.0,672,4653.03,4653.015533615444,-1,3
Fungal_growth_networks_Pv_L_I+4xR_Fc_N_155d_3_Biological_Tissue_n4.gml_multiplexpathscore_multigraphsimplifieddistribution.txt,882.0,672,4653.03,4653.265548271665,-1,3
Fungal_growth_networks_Pv_L_I+4xR_Fc_N_208d_1_Biological_Tissue_n4.gml_multiplexconductance_multigraphsimplifieddistribution.txt,551.0,462,2698.13,2698.041134968972,-1,15
Fungal_growth_networks_Pv_L_I+4xR_Fc_N_208d_1_Biological_Tissue_n4.gml_multiplexpathscore_multigraphsimplifieddistribution.txt,551.0,462,2698.13,2698.1890035822203,-1,17
Fungal_growth_networks_Pv_L_I+4xR_Fc_N_208d_2_Biological_Tissue_n4.gml_multiplexconductance_multigraphsimplifieddistribution.txt,544.0,474,2672.05,2672.0176973454213,-1,15
Fungal_growth_networks_Pv_L_I+4xR_Fc_N_208d_2_Biological_Tissue_n4.gml_multiplexpathscore_multigraphsimplifieddistribution.txt,544.0,474,2672.05,2671.764070186895,-1,16
Fungal_growth_networks_Pv_L_I+4xR_Fc_N_208d_3_Biological_Tissue_n3.gml_multiplexconductance_multigraphsimplifieddistribution.txt,473.0,401,2247.45,2247.443659011919,-1,30
Fungal_growth_networks_Pv_L_I+4xR_Fc_N_208d_3_Biological_Tissue_n3.gml_multiplexpathscore_multigraphsimplifieddistribution.txt,473.0,401,2247.45,2247.2975426961807,-1,26
Fungal_growth_networks_Pv_L_I+4xR_Fc_N_36d_2_Biological_Tissue_n4.gml_multiplexconductance_multigraphsimplifieddistribution.txt,973.0,709,5220.2,5220.9648875042185,-1,2
Fungal_growth_networks_Pv_L_I+4xR_Fc_N_36d_2_Biological_Tissue_n4.gml_multiplexpathscore_multigraphsimplifieddistribution.txt,973.0,709,5220.2,5220.943488261938,-1,2
Fungal_growth_networks_Pv_L_I+4xR_Fc_N_57d_2_Biological_Tissue_n4.gml_multiplexconductance_multigraphsimplifieddistribution.txt,944.0,695,5044.57,5045.334387625012,-1,2
Fungal_growth_networks_Pv_L_I+4xR_Fc_N_57d_2_Biological_Tissue_n4.gml_multiplexpathscore_multigraphsimplifieddistribution.txt,944.0,695,5044.57,5044.8142772809,-1,2
Fungal_growth_networks_Pv_L_I+4xR_Fc_N_78d_1_Biological_Tissue_n4.gml_multiplexconductance_multigraphsimplifieddistribution.txt,739.0,577,3810.32,3810.6303929358487,-1,6
Fungal_growth_networks_Pv_L_I+4xR_Fc_N_78d_1_Biological_Tissue_n4.gml_multiplexpathscore_multigraphsimplifieddistribution.txt,739.0,577,3810.32,3810.6845090097227,-1,6
Fungal_growth_networks_Pv_L_I+4xR_Fc_N_78d_2_Biological_Tissue_n4.gml_multiplexconductance_multigraphsimplifieddistribution.txt,511.0,381,2431.34,2431.080625140553,-1,26
Fungal_growth_networks_Pv_L_I+4xR_Fc_N_78d_2_Biological_Tissue_n4.gml_multiplexpathscore_multigraphsimplifieddistribution.txt,511.0,381,2431.34,2431.7010846948797,-1,27
Fungal_growth_networks_Pv_L_I+4xR_Fc_N_99d_1_Biological_Tissue_n4.gml_multiplexconductance_multigraphsimplifieddistribution.txt,912.0,731,4888.32,4887.763436461367,-1,2
Fungal_growth_networks_Pv_L_I+4xR_Fc_N_99d_1_Biological_Tissue_n4.gml_multiplexpathscore_multigraphsimplifieddistribution.txt,912.0,731,4888.32,4888.767207760681,-1,2
Fungal_growth_networks_Pv_L_I+4xR_Fc_N_99d_2_Biological_Tissue_n4.gml_multiplexconductance_multigraphsimplifieddistribution.txt,666.0,561,3392.22,3392.049051946249,-1,8
Fungal_growth_networks_Pv_L_I+4xR_Fc_N_99d_2_Biological_Tissue_n4.gml_multiplexpathscore_multigraphsimplifieddistribution.txt,666.0,561,3392.22,3392.28385811737,-1,7
Fungal_growth_networks_Pv_L_I+4xR_U_N_155d_1_Biological_Tissue_n4.gml_multiplexconductance_multigraphsimplifieddistribution.txt,899.0,730,4823.87,4824.54139184169,-1,2
Fungal_growth_networks_Pv_L_I+4xR_U_N_155d_1_Biological_Tissue_n4.gml_multiplexpathscore_multigraphsimplifieddistribution.txt,899.0,730,4823.87,4824.07655313358,-1,2
Fungal_growth_networks_Pv_L_I+4xR_U_N_155d_2_Biological_Tissue_n3.gml_multiplexconductance_multigraphsimplifieddistribution.txt,302.0,257,1309.96,1310.055484635947,-1,156
Fungal_growth_networks_Pv_L_I+4xR_U_N_155d_2_Biological_Tissue_n3.gml_multiplexpathscore_multigraphsimplifieddistribution.txt,302.0,257,1309.96,1309.987631345995,-1,177
Fungal_growth_networks_Pv_L_I+4xR_U_N_155d_3_Biological_Tissue_n3.gml_multiplexconductance_multigraphsimplifieddistribution.txt,495.0,425,2384.68,2384.651849489509,-1,23
Fungal_growth_networks_Pv_L_I+4xR_U_N_155d_3_Biological_Tissue_n3.gml_multiplexpathscore_multigraphsimplifieddistribution.txt,495.0,425,2384.68,2384.9047697675383,-1,22
Fungal_growth_networks_Pv_L_I+4xR_U_N_155d_4_Biological_Tissue_n4.gml_multiplexconductance_multigraphsimplifieddistribution.txt,575.0,442,2785.76,2786.0189565323712,-1,15
Fungal_growth_networks_Pv_L_I+4xR_U_N_155d_4_Biological_Tissue_n4.gml_multiplexpathscore_multigraphsimplifieddistribution.txt,575.0,442,2785.76,2785.1448854619703,-1,15
Fungal_growth_networks_Pv_L_I+4xR_U_N_208d_1_Biological_Tissue_n3.gml_multiplexconductance_multigraphsimplifieddistribution.txt,166.0,154,622.759,622.2086045823116,-1,1475
Fungal_growth_networks_Pv_L_I+4xR_U_N_208d_1_Biological_Tissue_n3.gml_multiplexpathscore_multigraphsimplifieddistribution.txt,166.0,154,622.759,622.1584305108399,-1,1438
Fungal_growth_networks_Pv_L_I+4xR_U_N_208d_2_Biological_Tissue_n3.gml_multiplexconductance_multigraphsimplifieddistribution.txt,260.0,235,1101.61,1101.5215049435728,-1,274
Fungal_growth_networks_Pv_L_I+4xR_U_N_208d_2_Biological_Tissue_n3.gml_multiplexpathscore_multigraphsimplifieddistribution.txt,260.0,235,1101.61,1101.6714089931938,-1,274
Fungal_growth_networks_Pv_L_I+4xR_U_N_208d_3_Biological_Tissue_n3.gml_multiplexconductance_multigraphsimplifieddistribution.txt,143.0,134,522.326,522.062900784646,-1,2634
Fungal_growth_networks_Pv_L_I+4xR_U_N_208d_3_Biological_Tissue_n3.gml_multiplexpathscore_multigraphsimplifieddistribution.txt,143.0,134,522.326,522.0279871971188,-1,2709
Fungal_growth_networks_Pv_L_I+4xR_U_N_208d_4_Biological_Tissue_n3.gml_multiplexconductance_multigraphsimplifieddistribution.txt,285.0,229,1190.83,1190.4553112062738,-1,242
Fungal_growth_networks_Pv_L_I+4xR_U_N_208d_4_Biological_Tissue_n3.gml_multiplexpathscore_multigraphsimplifieddistribution.txt,285.0,229,1190.83,1190.6277282014976,-1,225
Fungal_growth_networks_Pv_L_I+4xR_U_N_57d_3_Biological_Tissue_n4.gml_multiplexconductance_multigraphsimplifieddistribution.txt,967.0,728,5207.17,5207.96013192816,-1,2
Fungal_growth_networks_Pv_L_I+4xR_U_N_57d_3_Biological_Tissue_n4.gml_multiplexpathscore_multigraphsimplifieddistribution.txt,967.0,728,5207.17,5207.114387625012,-1,2
Fungal_growth_networks_Pv_L_I+4xR_U_N_78d_3_Biological_Tissue_n4.gml_multiplexconductance_multigraphsimplifieddistribution.txt,923.0,736,4954.99,4954.972649126018,-1,2
Fungal_growth_networks_Pv_L_I+4xR_U_N_78d_3_Biological_Tissue_n4.gml_multiplexpathscore_multigraphsimplifieddistribution.txt,923.0,736,4954.99,4955.553987841535,-1,2
Fungal_growth_networks_Pv_M_I+4R_U_N_15d_1_Biological_Tissue_n4.gml_multiplexconductance_multigraphsimplifieddistribution.txt,656.0,538,3294.34,3294.4152389641276,-1,8
Fungal_growth_networks_Pv_M_I+4R_U_N_15d_1_Biological_Tissue_n4.gml_multiplexpathscore_multigraphsimplifieddistribution.txt,656.0,538,3294.34,3294.560095592983,-1,8
Fungal_growth_networks_Pv_M_I+4R_U_N_15d_2_Biological_Tissue_n3.gml_multiplexconductance_multigraphsimplifieddistribution.txt,381.0,318,1719.96,1719.8035439914493,-1,67
Fungal_growth_networks_Pv_M_I+4R_U_N_15d_2_Biological_Tissue_n3.gml_multiplexpathscore_multigraphsimplifieddistribution.txt,381.0,318,1719.96,1719.7766935440832,-1,77
Fungal_growth_networks_Pv_M_I+4R_U_N_18d_1_Biological_Tissue_n4.gml_multiplexconductance_multigraphsimplifieddistribution.txt,828.0,693,4368.59,4368.917788877483,-1,3
Fungal_growth_networks_Pv_M_I+4R_U_N_18d_1_Biological_Tissue_n4.gml_multiplexpathscore_multigraphsimplifieddistribution.txt,828.0,693,4368.59,4368.683020415375,-1,3
Fungal_growth_networks_Pv_M_I+4R_U_N_18d_3_Biological_Tissue_n3.gml_multiplexconductance_multigraphsimplifieddistribution.txt,369.0,339,1682.13,1681.9630007494284,-1,62
Fungal_growth_networks_Pv_M_I+4R_U_N_18d_3_Biological_Tissue_n3.gml_multiplexpathscore_multigraphsimplifieddistribution.txt,369.0,339,1682.13,1681.9315104564362,-1,62
Fungal_growth_networks_Pv_M_I+4R_U_N_18d_4_Biological_Tissue_n4.gml_multiplexconductance_multigraphsimplifieddistribution.txt,752.0,589,3880.0,3880.387425232041,-1,5
Fungal_growth_networks_Pv_M_I+4R_U_N_18d_4_Biological_Tissue_n4.gml_multiplexpathscore_multigraphsimplifieddistribution.txt,752.0,589,3880.0,3879.726174277121,-1,5
Fungal_growth_networks_Pv_M_I+4R_U_N_18d_5_Biological_Tissue_n3.gml_multiplexconductance_multigraphsimplifieddistribution.txt,451.0,375,2120.95,2120.9067106880484,-1,34
Fungal_growth_networks_Pv_M_I+4R_U_N_18d_5_Biological_Tissue_n3.gml_multiplexpathscore_multigraphsimplifieddistribution.txt,451.0,375,2120.95,2120.855722618886,-1,39
Fungal_growth_networks_Pv_M_I+4R_U_N_19d_2_Biological_Tissue_n3.gml_multiplexconductance_multigraphsimplifieddistribution.txt,460.0,386,2165.1,2165.0831615770257,-1,32
Fungal_growth_networks_Pv_M_I+4R_U_N_19d_2_Biological_Tissue_n3.gml_multiplexpathscore_multigraphsimplifieddistribution.txt,460.0,386,2165.1,2165.0580500909164,-1,32
Fungal_growth_networks_Pv_M_I+4R_U_N_21d_1_Biological_Tissue_n4.gml_multiplexconductance_multigraphsimplifieddistribution.txt,935.0,801,5071.58,5071.52655313358,-1,2
Fungal_growth_networks_Pv_M_I+4R_U_N_21d_2_Biological_Tissue_n4.gml_multiplexconductance_multigraphsimplifieddistribution.txt,535.0,451,2598.44,2598.274618773155,-1,17
Fungal_growth_networks_Pv_M_I+4R_U_N_21d_2_Biological_Tissue_n4.gml_multiplexpathscore_multigraphsimplifieddistribution.txt,535.0,451,2598.44,2598.530235172785,-1,16
Fungal_growth_networks_Pv_M_I+4R_U_N_21d_4_Biological_Tissue_n4.gml_multiplexconductance_multigraphsimplifieddistribution.txt,828.0,641,4337.18,4337.423760896767,-1,3
Fungal_growth_networks_Pv_M_I+4R_U_N_21d_4_Biological_Tissue_n4.gml_multiplexpathscore_multigraphsimplifieddistribution.txt,828.0,641,4337.18,4337.035892915114,-1,3
Fungal_growth_networks_Pv_M_I+4R_U_N_21d_5_Biological_Tissue_n4.gml_multiplexconductance_multigraphsimplifieddistribution.txt,520.0,420,2504.77,2504.832272235387,-1,20
Fungal_growth_networks_Pv_M_I+4R_U_N_21d_5_Biological_Tissue_n4.gml_multiplexpathscore_multigraphsimplifieddistribution.txt,520.0,420,2504.77,2504.540209037382,-1,22
Fungal_growth_networks_Pv_M_I+4R_U_N_22d_3_Biological_Tissue_n4.gml_multiplexconductance_multigraphsimplifieddistribution.txt,623.0,551,3148.73,3148.6930337306558,-1,9
Fungal_growth_networks_Pv_M_I+4R_U_N_22d_3_Biological_Tissue_n4.gml_multiplexpathscore_multigraphsimplifieddistribution.txt,623.0,551,3148.73,3148.6450861098024,-1,9
Fungal_growth_networks_Pv_M_I+4R_U_N_25d_2_Biological_Tissue_n4.gml_multiplexconductance_multigraphsimplifieddistribution.txt,633.0,529,3178.66,3178.9205355446734,-1,9
Fungal_growth_networks_Pv_M_I+4R_U_N_25d_2_Biological_Tissue_n4.gml_multiplexpathscore_multigraphsimplifieddistribution.txt,633.0,529,3178.66,3178.648036243858,-1,9
Fungal_growth_networks_Pv_M_I+4R_U_N_25d_3_Biological_Tissue_n4.gml_multiplexconductance_multigraphsimplifieddistribution.txt,650.0,572,3309.01,3308.849261071749,-1,8
Fungal_growth_networks_Pv_M_I+4R_U_N_25d_3_Biological_Tissue_n4.gml_multiplexpathscore_multigraphsimplifieddistribution.txt,650.0,572,3309.01,3309.148301069885,-1,7
Fungal_growth_networks_Pv_M_I+4R_U_N_25d_4_Biological_Tissue_n4.gml_multiplexconductance_multigraphsimplifieddistribution.txt,982.0,756,5304.11,5304.669800013332,-1,2
Fungal_growth_networks_Pv_M_I+4R_U_N_25d_4_Biological_Tissue_n4.gml_multiplexpathscore_multigraphsimplifieddistribution.txt,982.0,756,5304.11,5303.989800013333,-1,2
Fungal_growth_networks_Pv_M_I+4R_U_N_25d_5_Biological_Tissue_n4.gml_multiplexconductance_multigraphsimplifieddistribution.txt,665.0,536,3363.24,3363.4347292118005,-1,8
Fungal_growth_networks_Pv_M_I+4R_U_N_25d_5_Biological_Tissue_n4.gml_multiplexpathscore_multigraphsimplifieddistribution.txt,665.0,536,3363.24,3363.090893277546,-1,8
Fungal_growth_networks_Pv_M_I+4R_U_N_28d_5_Biological_Tissue_n4.gml_multiplexconductance_multigraphsimplifieddistribution.txt,734.0,593,3784.09,3784.0759503781737,-1,6
Fungal_growth_networks_Pv_M_I+4R_U_N_28d_5_Biological_Tissue_n4.gml_multiplexpathscore_multigraphsimplifieddistribution.txt,734.0,593,3784.09,3783.92933120653,-1,6
Fungal_growth_networks_Pv_M_I+4R_U_N_29d_2_Biological_Tissue_n4.gml_multiplexconductance_multigraphsimplifieddistribution.txt,753.0,630,3914.04,3914.007938042961,-1,5
Fungal_growth_networks_Pv_M_I+4R_U_N_29d_2_Biological_Tissue_n4.gml_multiplexpathscore_multigraphsimplifieddistribution.txt,753.0,630,3914.04,3914.007938042961,-1,5
Fungal_growth_networks_Pv_M_I+4R_U_N_29d_3_Biological_Tissue_n4.gml_multiplexconductance_multigraphsimplifieddistribution.txt,656.0,576,3345.86,3345.1471634293207,-1,8
Fungal_growth_networks_Pv_M_I+4R_U_N_29d_3_Biological_Tissue_n4.gml_multiplexpathscore_multigraphsimplifieddistribution.txt,656.0,576,3345.86,3345.587839057552,-1,8
Fungal_growth_networks_Pv_M_I+4R_U_N_32d_2_Biological_Tissue_n4.gml_multiplexconductance_multigraphsimplifieddistribution.txt,817.0,681,4312.34,4312.493390385202,-1,3
Fungal_growth_networks_Pv_M_I+4R_U_N_32d_2_Biological_Tissue_n4.gml_multiplexpathscore_multigraphsimplifieddistribution.txt,817.0,681,4312.34,4312.543632920109,-1,3
Fungal_growth_networks_Pv_M_I+4R_U_N_32d_3_Biological_Tissue_n4.gml_multiplexconductance_multigraphsimplifieddistribution.txt,717.0,636,3726.85,3726.5974616387657,-1,5
Fungal_growth_networks_Pv_M_I+4R_U_N_32d_3_Biological_Tissue_n4.gml_multiplexpathscore_multigraphsimplifieddistribution.txt,717.0,636,3726.85,3727.0084356556326,-1,6
Fungal_growth_networks_Pv_M_I+4R_U_N_32d_5_Biological_Tissue_n4.gml_multiplexconductance_multigraphsimplifieddistribution.txt,851.0,694,4518.9,4519.24104148146,-1,3
Fungal_growth_networks_Pv_M_I+4R_U_N_32d_5_Biological_Tissue_n4.gml_multiplexpathscore_multigraphsimplifieddistribution.txt,851.0,694,4518.9,4519.499410665688,-1,3
Fungal_growth_networks_Pv_M_I+4R_U_N_35d_3_Biological_Tissue_n4.gml_multiplexconductance_multigraphsimplifieddistribution.txt,852.0,760,4572.12,4571.773488261938,-1,2
Fungal_growth_networks_Pv_M_I+4R_U_N_35d_3_Biological_Tissue_n4.gml_multiplexpathscore_multigraphsimplifieddistribution.txt,852.0,760,4572.12,4572.489950000833,-1,2
Fungal_growth_networks_Pv_M_I+4R_U_N_36d_2_Biological_Tissue_n4.gml_multiplexconductance_multigraphsimplifieddistribution.txt,912.0,770,4924.44,4924.583057053701,-1,2
Fungal_growth_networks_Pv_M_I+4R_U_N_36d_2_Biological_Tissue_n4.gml_multiplexpathscore_multigraphsimplifieddistribution.txt,912.0,770,4924.44,4924.56907019638,-1,2
Fungal_growth_networks_Pv_M_I+R_U_N_18d_1_Biological_Tissue_n4.gml_multiplexconductance_multigraphsimplifieddistribution.txt,755.0,507,3766.75,3766.6399754810445,-1,7
Fungal_growth_networks_Pv_M_I+R_U_N_18d_1_Biological_Tissue_n4.gml_multiplexpathscore_multigraphsimplifieddistribution.txt,755.0,507,3766.75,3766.7503395756507,-1,8
Fungal_growth_networks_Pv_M_I+R_U_N_18d_2_Biological_Tissue_n4.gml_multiplexconductance_multigraphsimplifieddistribution.txt,586.0,431,2780.18,2778.7539452767414,-1,15
Fungal_growth_networks_Pv_M_I+R_U_N_18d_2_Biological_Tissue_n4.gml_multiplexpathscore_multigraphsimplifieddistribution.txt,586.0,431,2780.18,2778.879651993282,-1,15
Fungal_growth_networks_Pv_M_I+R_U_N_18d_4_Biological_Tissue_n3.gml_multiplexconductance_multigraphsimplifieddistribution.txt,417.0,346,1884.83,1884.0981607177507,-1,46
Fungal_growth_networks_Pv_M_I+R_U_N_18d_4_Biological_Tissue_n3.gml_multiplexpathscore_multigraphsimplifieddistribution.txt,417.0,346,1884.83,1884.0561093690606,-1,47
Fungal_growth_networks_Pv_M_I+R_U_N_25d_1_Biological_Tissue_n4.gml_multiplexconductance_multigraphsimplifieddistribution.txt,969.0,658,5094.89,5094.887282112118,-1,2
Fungal_growth_networks_Pv_M_I+R_U_N_25d_1_Biological_Tissue_n4.gml_multiplexpathscore_multigraphsimplifieddistribution.txt,969.0,658,5094.89,5094.930619876647,-1,3
Fungal_growth_networks_Pv_M_I+R_U_N_25d_2_Biological_Tissue_n4.gml_multiplexconductance_multigraphsimplifieddistribution.txt,766.0,570,3855.22,3854.5310698186518,-1,6
Fungal_growth_networks_Pv_M_I+R_U_N_25d_2_Biological_Tissue_n4.gml_multiplexpathscore_multigraphsimplifieddistribution.txt,766.0,570,3855.22,3854.2366070344747,-1,6
Fungal_growth_networks_Pv_M_I+R_U_N_31d_1_Biological_Tissue_n4.gml_multiplexconductance_multigraphsimplifieddistribution.txt,920.0,634,4799.2,4799.137669324769,-1,3
Fungal_growth_networks_Pv_M_I+R_U_N_31d_1_Biological_Tissue_n4.gml_multiplexpathscore_multigraphsimplifieddistribution.txt,920.0,634,4799.2,4799.785861854373,-1,3
Fungal_growth_networks_Pv_M_I+R_U_N_31d_2_Biological_Tissue_n4.gml_multiplexconductance_multigraphsimplifieddistribution.txt,866.0,687,4512.21,4511.570425078264,-1,3
Fungal_growth_networks_Pv_M_I+R_U_N_31d_2_Biological_Tissue_n4.gml_multiplexpathscore_multigraphsimplifieddistribution.txt,866.0,687,4512.21,4511.551947979559,-1,3
Fungal_growth_networks_Pv_M_I+R_U_N_31d_4_Biological_Tissue_n4.gml_multiplexconductance_multigraphsimplifieddistribution.txt,977.0,723,5176.03,5175.682817213934,-1,2
Fungal_growth_networks_Pv_M_I+R_U_N_31d_4_Biological_Tissue_n4.gml_multiplexpathscore_multigraphsimplifieddistribution.txt,977.0,723,5176.03,5175.538234920956,-1,2
Fungal_growth_networks_Pv_M_I+R_U_N_39d_1_Biological_Tissue_n4.gml_multiplexconductance_multigraphsimplifieddistribution.txt,893.0,630,4645.04,4644.5815604847985,-1,3
Fungal_growth_networks_Pv_M_I+R_U_N_39d_1_Biological_Tissue_n4.gml_multiplexpathscore_multigraphsimplifieddistribution.txt,893.0,630,4645.04,4644.847937745457,-1,3
Fungal_growth_networks_Pv_M_I+R_U_N_39d_2_Biological_Tissue_n4.gml_multiplexconductance_multigraphsimplifieddistribution.txt,956.0,765,5087.56,5087.519800013332,-1,2
Fungal_growth_networks_Pv_M_I+R_U_N_39d_4_Biological_Tissue_n4.gml_multiplexconductance_multigraphsimplifieddistribution.txt,898.0,681,4703.62,4703.084987500052,-1,2
Fungal_growth_networks_Pv_M_I+R_U_N_39d_4_Biological_Tissue_n4.gml_multiplexpathscore_multigraphsimplifieddistribution.txt,898.0,681,4703.62,4703.258066597374,-1,2
Fungal_growth_networks_Pv_M_I_U_N_15d_2_Biological_Tissue_n3.gml_multiplexconductance_multigraphsimplifieddistribution.txt,286.0,254,1219.31,1218.4650257700362,-1,150
Fungal_growth_networks_Pv_M_I_U_N_15d_2_Biological_Tissue_n3.gml_multiplexpathscore_multigraphsimplifieddistribution.txt,286.0,254,1219.31,1218.7856414843782,-1,160
Fungal_growth_networks_Pv_M_I_U_N_18d_3_Biological_Tissue_n4.gml_multiplexconductance_multigraphsimplifieddistribution.txt,539.0,502,2677.0,2676.8240575605496,-1,8
Fungal_growth_networks_Pv_M_I_U_N_18d_3_Biological_Tissue_n4.gml_multiplexpathscore_multigraphsimplifieddistribution.txt,539.0,502,2677.0,2677.0828541136893,-1,7
Fungal_growth_networks_Pv_M_I_U_N_18d_6_Biological_Tissue_n4.gml_multiplexconductance_multigraphsimplifieddistribution.txt,525.0,469,2540.23,2539.85669685192,-1,9
Fungal_growth_networks_Pv_M_I_U_N_18d_6_Biological_Tissue_n4.gml_multiplexpathscore_multigraphsimplifieddistribution.txt,525.0,469,2540.23,2539.01478005914,-1,9
Fungal_growth_networks_Pv_M_I_U_N_18d_7_Biological_Tissue_n4.gml_multiplexconductance_multigraphsimplifieddistribution.txt,510.0,424,2438.85,2438.5184738936714,-1,12
Fungal_growth_networks_Pv_M_I_U_N_18d_7_Biological_Tissue_n4.gml_multiplexpathscore_multigraphsimplifieddistribution.txt,510.0,424,2438.85,2438.3947515259624,-1,11
Fungal_growth_networks_Pv_M_I_U_N_19d_2_Biological_Tissue_n3.gml_multiplexconductance_multigraphsimplifieddistribution.txt,499.0,444,2417.94,2417.9485533842526,-1,11
Fungal_growth_networks_Pv_M_I_U_N_19d_2_Biological_Tissue_n3.gml_multiplexpathscore_multigraphsimplifieddistribution.txt,499.0,444,2417.94,2418.0678551489414,-1,10
Fungal_growth_networks_Pv_M_I_U_N_21d_2_Biological_Tissue_n4.gml_multiplexconductance_multigraphsimplifieddistribution.txt,638.0,574,3258.08,3258.519550067484,-1,2
Fungal_growth_networks_Pv_M_I_U_N_21d_2_Biological_Tissue_n4.gml_multiplexpathscore_multigraphsimplifieddistribution.txt,638.0,574,3258.08,3258.404387625011,-1,2
